antecedents,consequents,antecedent support,consequent support,support,confidence,lift,representativity,leverage,conviction,zhangs_metric,jaccard,certainty,kulczynski,antecedent_len,consequent_len,antecedents_str,consequents_str
"frozenset({'HERB MARKER ROSEMARY', 'HERB MARKER MINT', 'HERB MARKER BASIL', 'HERB MARKER THYME', 'HERB MARKER CHIVES'})",frozenset({'HERB MARKER PARSLEY'}),0.008388449749959672,0.012475130397375921,0.008334677636177878,0.9935897435897435,79.64563992042439,1.0,0.008230030631715296,154.05387965800725,0.9957975828754649,0.6652360515021457,0.9935087645814571,0.8308465959328027,5,1,"HERB MARKER ROSEMARY, HERB MARKER MINT, HERB MARKER BASIL, HERB MARKER THYME, HERB MARKER CHIVES",HERB MARKER PARSLEY
"frozenset({'REGENCY TEA PLATE PINK', 'REGENCY SUGAR BOWL GREEN', 'REGENCY TEA PLATE ROSES'})",frozenset({'REGENCY TEA PLATE GREEN'}),0.006291337312469753,0.01908910039253643,0.006237565198687961,0.9914529914529915,51.93817262549657,1.0,0.006117469229126915,114.76657525407364,0.9869556090461262,0.3258426966292135,0.991286661662717,0.6591067774166366,3,1,"REGENCY TEA PLATE PINK, REGENCY SUGAR BOWL GREEN, REGENCY TEA PLATE ROSES",REGENCY TEA PLATE GREEN
"frozenset({'REGENCY TEA PLATE PINK', 'REGENCY TEAPOT ROSES', 'REGENCY SUGAR BOWL GREEN', 'REGENCY TEA PLATE ROSES'})",frozenset({'REGENCY TEA PLATE GREEN'}),0.005215895036833898,0.01908910039253643,0.005162122923052105,0.9896907216494846,51.84585450849426,1.0,0.005062556179057051,95.1483572619243,0.9858541666666668,0.2696629213483146,0.9894900970570916,0.6300566284303761,4,1,"REGENCY TEA PLATE PINK, REGENCY TEAPOT ROSES, REGENCY SUGAR BOWL GREEN, REGENCY TEA PLATE ROSES",REGENCY TEA PLATE GREEN
"frozenset({'LUNCH BAG  BLACK SKULL.', 'CHARLOTTE BAG SUKI DESIGN', 'PACK OF 72 RETROSPOT CAKE CASES', 'STRAWBERRY CHARLOTTE BAG', 'CHARLOTTE BAG PINK POLKADOT'})",frozenset({'RED RETROSPOT CHARLOTTE BAG'}),0.005162122923052105,0.05517018874011938,0.0051083508092703124,0.9895833333333334,17.936921296296298,1.0,0.004823555513305831,90.70366188094886,0.9491486946651533,0.09250243427458617,0.9889750867907348,0.541087962962963,5,1,"LUNCH BAG  BLACK SKULL., CHARLOTTE BAG SUKI DESIGN, PACK OF 72 RETROSPOT CAKE CASES, STRAWBERRY CHARLOTTE BAG, CHARLOTTE BAG PINK POLKADOT",RED RETROSPOT CHARLOTTE BAG
"frozenset({'CHARLOTTE BAG SUKI DESIGN', 'STRAWBERRY CHARLOTTE BAG', 'ALARM CLOCK BAKELIKE RED', 'RED RETROSPOT CHARLOTTE BAG', 'CHARLOTTE BAG PINK POLKADOT'})",frozenset({'WOODLAND CHARLOTTE BAG'}),0.005162122923052105,0.04436199386997903,0.0051083508092703124,0.9895833333333334,22.307007575757577,1.0,0.0048793487438017966,91.74124858848234,0.9601273330886808,0.11501210653753027,0.9890997777402656,0.5523674242424242,5,1,"CHARLOTTE BAG SUKI DESIGN, STRAWBERRY CHARLOTTE BAG, ALARM CLOCK BAKELIKE RED, RED RETROSPOT CHARLOTTE BAG, CHARLOTTE BAG PINK POLKADOT",WOODLAND CHARLOTTE BAG
"frozenset({'LUNCH BAG APPLE DESIGN', 'CHARLOTTE BAG APPLES DESIGN', 'CHARLOTTE BAG PINK POLKADOT', 'CHARLOTTE BAG VINTAGE ALPHABET'})",frozenset({'RED RETROSPOT CHARLOTTE BAG'}),0.00505457869548852,0.05517018874011938,0.005000806581706727,0.9893617021276596,17.932904068682344,1.0,0.004721944521074839,88.81400225842911,0.9490335481778892,0.09055501460564752,0.988740514169261,0.5400024884907304,4,1,"LUNCH BAG APPLE DESIGN, CHARLOTTE BAG APPLES DESIGN, CHARLOTTE BAG PINK POLKADOT, CHARLOTTE BAG VINTAGE ALPHABET",RED RETROSPOT CHARLOTTE BAG
"frozenset({'HERB MARKER CHIVES', 'HERB MARKER ROSEMARY', 'HERB MARKER THYME', 'HERB MARKER MINT'})",frozenset({'HERB MARKER PARSLEY'}),0.009087487229122978,0.012475130397375921,0.008979943001559392,0.9881656804733728,79.210849826566,1.0,0.008866575413391595,83.4458514814221,0.9964305164361965,0.7136752136752136,0.9880161807657672,0.8539966333401348,4,1,"HERB MARKER CHIVES, HERB MARKER ROSEMARY, HERB MARKER THYME, HERB MARKER MINT",HERB MARKER PARSLEY
"frozenset({'HERB MARKER CHIVES', 'HERB MARKER PARSLEY', 'HERB MARKER ROSEMARY', 'HERB MARKER BASIL'})",frozenset({'HERB MARKER THYME'}),0.008872398773995805,0.012528902511157713,0.00876485454643222,0.9878787878787879,78.84799063597347,1.0,0.00865369312715271,81.4663655428297,0.996155658870143,0.6936170212765959,0.9877249955446427,0.8437248016647159,4,1,"HERB MARKER CHIVES, HERB MARKER PARSLEY, HERB MARKER ROSEMARY, HERB MARKER BASIL",HERB MARKER THYME
"frozenset({'HERB MARKER CHIVES', 'HERB MARKER THYME', 'HERB MARKER MINT', 'HERB MARKER BASIL'})",frozenset({'HERB MARKER PARSLEY'}),0.008603538205086842,0.012475130397375921,0.008495993977523257,0.9875,79.15748922413793,1.0,0.008388663716535993,79.0019895682102,0.9959355259065598,0.6752136752136754,0.9873420909338416,0.8342672413793104,4,1,"HERB MARKER CHIVES, HERB MARKER THYME, HERB MARKER MINT, HERB MARKER BASIL",HERB MARKER PARSLEY
"frozenset({'HERB MARKER CHIVES', 'HERB MARKER ROSEMARY', 'HERB MARKER MINT', 'HERB MARKER BASIL'})",frozenset({'HERB MARKER PARSLEY'}),0.008549766091305049,0.012475130397375921,0.008442221863741464,0.9874213836477987,79.15118737800911,1.0,0.00833556241688537,78.50822713340864,0.9958804960400944,0.6709401709401708,0.9872624814428594,0.8320727607894166,4,1,"HERB MARKER CHIVES, HERB MARKER ROSEMARY, HERB MARKER MINT, HERB MARKER BASIL",HERB MARKER PARSLEY
"frozenset({'HERB MARKER ROSEMARY', 'HERB MARKER MINT', 'HERB MARKER BASIL', 'HERB MARKER PARSLEY', 'HERB MARKER CHIVES'})",frozenset({'HERB MARKER THYME'}),0.008442221863741464,0.012528902511157713,0.008334677636177878,0.9872611464968153,78.79869331073509,1.0,0.008228905861469496,77.51648115287414,0.9957154852704497,0.6595744680851066,0.9870995176106118,0.8262485989994806,5,1,"HERB MARKER ROSEMARY, HERB MARKER MINT, HERB MARKER BASIL, HERB MARKER PARSLEY, HERB MARKER CHIVES",HERB MARKER THYME
"frozenset({'HERB MARKER CHIVES', 'HERB MARKER THYME', 'HERB MARKER MINT'})",frozenset({'HERB MARKER PARSLEY'}),0.00935634779803194,0.012475130397375921,0.009195031456686563,0.9827586206896552,78.77742271105826,1.0,0.009078309797862913,57.27644243695245,0.9966308323596266,0.7276595744680852,0.9825408150811609,0.8599137931034484,3,1,"HERB MARKER CHIVES, HERB MARKER THYME, HERB MARKER MINT",HERB MARKER PARSLEY
"frozenset({'HERB MARKER CHIVES', 'HERB MARKER MINT', 'HERB MARKER ROSEMARY'})",frozenset({'HERB MARKER PARSLEY'}),0.00935634779803194,0.012475130397375921,0.009195031456686563,0.9827586206896552,78.77742271105826,1.0,0.009078309797862913,57.27644243695245,0.9966308323596266,0.7276595744680852,0.9825408150811609,0.8599137931034484,3,1,"HERB MARKER CHIVES, HERB MARKER MINT, HERB MARKER ROSEMARY",HERB MARKER PARSLEY
"frozenset({'HERB MARKER CHIVES', 'HERB MARKER BASIL', 'HERB MARKER ROSEMARY'})",frozenset({'HERB MARKER THYME'}),0.009087487229122978,0.012528902511157713,0.008926170887777599,0.9822485207100591,78.39860832465652,1.0,0.008812314646212526,55.627538491871164,0.9962985216315665,0.7033898305084746,0.9820232922917104,0.8473474363206948,3,1,"HERB MARKER CHIVES, HERB MARKER BASIL, HERB MARKER ROSEMARY",HERB MARKER THYME
"frozenset({'HERB MARKER CHIVES', 'HERB MARKER ROSEMARY', 'HERB MARKER THYME', 'HERB MARKER BASIL'})",frozenset({'HERB MARKER PARSLEY'}),0.008926170887777599,0.012475130397375921,0.00876485454643222,0.9819277108433734,78.71081740756127,1.0,0.008653499400657934,54.64304278467819,0.9961874049888608,0.6936170212765956,0.9816994085790479,0.8422569588699624,4,1,"HERB MARKER CHIVES, HERB MARKER ROSEMARY, HERB MARKER THYME, HERB MARKER BASIL",HERB MARKER PARSLEY
"frozenset({'HERB MARKER CHIVES', 'HERB MARKER ROSEMARY', 'HERB MARKER MINT', 'HERB MARKER BASIL'})",frozenset({'HERB MARKER THYME'}),0.008549766091305049,0.012528902511157713,0.008388449749959672,0.9811320754716982,78.30949874483765,1.0,0.008281330564108508,52.33596816690896,0.9957435313357864,0.6610169491525425,0.9808926817440193,0.8253299862337032,4,1,"HERB MARKER CHIVES, HERB MARKER ROSEMARY, HERB MARKER MINT, HERB MARKER BASIL",HERB MARKER THYME
"frozenset({'HERB MARKER MINT', 'HERB MARKER BASIL', 'HERB MARKER THYME', 'HERB MARKER PARSLEY', 'HERB MARKER CHIVES'})",frozenset({'HERB MARKER ROSEMARY'}),0.008495993977523257,0.012582674624939507,0.008334677636177878,0.981012658227848,77.96535215839012,1.0,0.008227775308343257,52.003979136419574,0.9956326789816115,0.6540084388185654,0.9807707022307515,0.8217029103105051,5,1,"HERB MARKER MINT, HERB MARKER BASIL, HERB MARKER THYME, HERB MARKER PARSLEY, HERB MARKER CHIVES",HERB MARKER ROSEMARY
"frozenset({'SKULL SHOULDER BAG', 'JUMBO BAG RED RETROSPOT', 'ROTATING LEAVES T-LIGHT HOLDER'})",frozenset({'SUKI  SHOULDER BAG'}),0.00564607194708824,0.028337903963004785,0.005538527719524655,0.980952380952381,34.61626457034427,1.0,0.005378529874919853,51.01226004194243,0.9766259458301568,0.1947069943289225,0.9803968693177327,0.5881991506279932,3,1,"SKULL SHOULDER BAG, JUMBO BAG RED RETROSPOT, ROTATING LEAVES T-LIGHT HOLDER",SUKI  SHOULDER BAG
"frozenset({'LUNCH BAG  BLACK SKULL.', 'CHARLOTTE BAG SUKI DESIGN', 'LUNCH BAG CARS BLUE', 'STRAWBERRY CHARLOTTE BAG', 'CHARLOTTE BAG PINK POLKADOT'})",frozenset({'RED RETROSPOT CHARLOTTE BAG'}),0.005538527719524655,0.05517018874011938,0.005430983491961069,0.9805825242718446,17.773775052518022,1.0,0.005125421872332511,48.658735279883594,0.9489933582954923,0.09824902723735407,0.9794487054739909,0.5395115350404057,5,1,"LUNCH BAG  BLACK SKULL., CHARLOTTE BAG SUKI DESIGN, LUNCH BAG CARS BLUE, STRAWBERRY CHARLOTTE BAG, CHARLOTTE BAG PINK POLKADOT",RED RETROSPOT CHARLOTTE BAG
"frozenset({'CHARLOTTE BAG SUKI DESIGN', 'LUNCH BAG CARS BLUE', 'WOODLAND CHARLOTTE BAG', 'STRAWBERRY CHARLOTTE BAG', 'LUNCH BAG SPACEBOY DESIGN'})",frozenset({'RED RETROSPOT CHARLOTTE BAG'}),0.005377211378179276,0.05517018874011938,0.0052696671506156905,0.98,17.763216374269003,1.0,0.004973005383986023,47.24149056299399,0.9488058184835269,0.09533073929961089,0.9788321666382107,0.5377582846003899,5,1,"CHARLOTTE BAG SUKI DESIGN, LUNCH BAG CARS BLUE, WOODLAND CHARLOTTE BAG, STRAWBERRY CHARLOTTE BAG, LUNCH BAG SPACEBOY DESIGN",RED RETROSPOT CHARLOTTE BAG
"frozenset({'CHARLOTTE BAG SUKI DESIGN', 'ALARM CLOCK BAKELIKE RED', 'STRAWBERRY CHARLOTTE BAG', 'CHARLOTTE BAG PINK POLKADOT'})",frozenset({'WOODLAND CHARLOTTE BAG'}),0.005377211378179276,0.04436199386997903,0.0052696671506156905,0.98,22.090981818181817,1.0,0.00503112333241932,47.781900306501,0.9598942134025041,0.1185006045949214,0.9790715732613099,0.5493939393939394,4,1,"CHARLOTTE BAG SUKI DESIGN, ALARM CLOCK BAKELIKE RED, STRAWBERRY CHARLOTTE BAG, CHARLOTTE BAG PINK POLKADOT",WOODLAND CHARLOTTE BAG
"frozenset({'LUNCH BAG  BLACK SKULL.', 'CHARLOTTE BAG SUKI DESIGN', 'LUNCH BAG CARS BLUE', 'WOODLAND CHARLOTTE BAG', 'CHARLOTTE BAG PINK POLKADOT'})",frozenset({'RED RETROSPOT CHARLOTTE BAG'}),0.005377211378179276,0.05517018874011938,0.0052696671506156905,0.98,17.763216374269003,1.0,0.004973005383986023,47.24149056299399,0.9488058184835269,0.09533073929961089,0.9788321666382107,0.5377582846003899,5,1,"LUNCH BAG  BLACK SKULL., CHARLOTTE BAG SUKI DESIGN, LUNCH BAG CARS BLUE, WOODLAND CHARLOTTE BAG, CHARLOTTE BAG PINK POLKADOT",RED RETROSPOT CHARLOTTE BAG
"frozenset({'STRAWBERRY CHARLOTTE BAG', 'PACK OF 72 RETROSPOT CAKE CASES', 'ALARM CLOCK BAKELIKE GREEN', 'RED RETROSPOT CHARLOTTE BAG'})",frozenset({'CHARLOTTE BAG PINK POLKADOT'}),0.005323439264397483,0.039630047857181265,0.005215895036833898,0.9797979797979798,24.72361333826734,1.0,0.005004926884021028,47.53831263106948,0.9646882973138362,0.13125845737483086,0.9789643354033052,0.5557063169003468,4,1,"STRAWBERRY CHARLOTTE BAG, PACK OF 72 RETROSPOT CAKE CASES, ALARM CLOCK BAKELIKE GREEN, RED RETROSPOT CHARLOTTE BAG",CHARLOTTE BAG PINK POLKADOT
"frozenset({'LUNCH BAG  BLACK SKULL.', 'PACK OF 72 RETROSPOT CAKE CASES', 'WOODLAND CHARLOTTE BAG', 'STRAWBERRY CHARLOTTE BAG', 'CHARLOTTE BAG PINK POLKADOT'})",frozenset({'RED RETROSPOT CHARLOTTE BAG'}),0.0052696671506156905,0.05517018874011938,0.005162122923052105,0.9795918367346939,17.75581811672037,1.0,0.004871394391755031,46.2966607517341,0.9486796583599114,0.09338521400778209,0.9784001700389905,0.5365795440983411,5,1,"LUNCH BAG  BLACK SKULL., PACK OF 72 RETROSPOT CAKE CASES, WOODLAND CHARLOTTE BAG, STRAWBERRY CHARLOTTE BAG, CHARLOTTE BAG PINK POLKADOT",RED RETROSPOT CHARLOTTE BAG
"frozenset({'CHARLOTTE BAG SUKI DESIGN', 'WOODLAND CHARLOTTE BAG', 'RED RETROSPOT PEG BAG', 'STRAWBERRY CHARLOTTE BAG'})",frozenset({'RED RETROSPOT CHARLOTTE BAG'}),0.0052696671506156905,0.05517018874011938,0.005162122923052105,0.9795918367346939,17.75581811672037,1.0,0.004871394391755031,46.2966607517341,0.9486796583599114,0.09338521400778209,0.9784001700389905,0.5365795440983411,4,1,"CHARLOTTE BAG SUKI DESIGN, WOODLAND CHARLOTTE BAG, RED RETROSPOT PEG BAG, STRAWBERRY CHARLOTTE BAG",RED RETROSPOT CHARLOTTE BAG
"frozenset({'WOODLAND CHARLOTTE BAG', 'CHOCOLATE HOT WATER BOTTLE', 'STRAWBERRY CHARLOTTE BAG', 'RED RETROSPOT CHARLOTTE BAG', 'CHARLOTTE BAG PINK POLKADOT'})",frozenset({'CHARLOTTE BAG SUKI DESIGN'}),0.005215895036833898,0.047050599559068665,0.0051083508092703124,0.9793814432989691,20.815493372606777,1.0,0.004862939820550107,46.21804592138533,0.9569502133712662,0.10832383124287345,0.9783634296936536,0.5439764359351988,5,1,"WOODLAND CHARLOTTE BAG, CHOCOLATE HOT WATER BOTTLE, STRAWBERRY CHARLOTTE BAG, RED RETROSPOT CHARLOTTE BAG, CHARLOTTE BAG PINK POLKADOT",CHARLOTTE BAG SUKI DESIGN
"frozenset({'LUNCH BAG  BLACK SKULL.', 'CHARLOTTE BAG SUKI DESIGN', 'WOODLAND CHARLOTTE BAG', 'STRAWBERRY CHARLOTTE BAG', 'LUNCH BAG SPACEBOY DESIGN'})",frozenset({'RED RETROSPOT CHARLOTTE BAG'}),0.005215895036833898,0.05517018874011938,0.0051083508092703124,0.9793814432989691,17.752004581901488,1.0,0.0048205888956395345,45.824245846104375,0.9486162162162164,0.09241245136186771,0.9781774913795988,0.5359870179457809,5,1,"LUNCH BAG  BLACK SKULL., CHARLOTTE BAG SUKI DESIGN, WOODLAND CHARLOTTE BAG, STRAWBERRY CHARLOTTE BAG, LUNCH BAG SPACEBOY DESIGN",RED RETROSPOT CHARLOTTE BAG
"frozenset({'CHARLOTTE BAG SUKI DESIGN', 'STRAWBERRY CHARLOTTE BAG', 'CHOCOLATE HOT WATER BOTTLE', 'REGENCY CAKESTAND 3 TIER'})",frozenset({'RED RETROSPOT CHARLOTTE BAG'}),0.005162122923052105,0.05517018874011938,0.00505457869548852,0.9791666666666667,17.748111598440545,1.0,0.0047697833995240385,45.35183094047443,0.9485525221753396,0.0914396887159533,0.9779501735814695,0.5353923001949318,4,1,"CHARLOTTE BAG SUKI DESIGN, STRAWBERRY CHARLOTTE BAG, CHOCOLATE HOT WATER BOTTLE, REGENCY CAKESTAND 3 TIER",RED RETROSPOT CHARLOTTE BAG
"frozenset({'STRAWBERRY CHARLOTTE BAG', 'ROUND SNACK BOXES SET OF 4 SKULLS', 'CHARLOTTE BAG PINK POLKADOT'})",frozenset({'RED RETROSPOT CHARLOTTE BAG'}),0.005162122923052105,0.05517018874011938,0.00505457869548852,0.9791666666666667,17.748111598440545,1.0,0.0047697833995240385,45.35183094047443,0.9485525221753396,0.0914396887159533,0.9779501735814695,0.5353923001949318,3,1,"STRAWBERRY CHARLOTTE BAG, ROUND SNACK BOXES SET OF 4 SKULLS, CHARLOTTE BAG PINK POLKADOT",RED RETROSPOT CHARLOTTE BAG
"frozenset({'CHARLOTTE BAG SUKI DESIGN', 'PACK OF 72 RETROSPOT CAKE CASES', 'CHOCOLATE HOT WATER BOTTLE', 'CHARLOTTE BAG PINK POLKADOT'})",frozenset({'WOODLAND CHARLOTTE BAG'}),0.005162122923052105,0.04436199386997903,0.00505457869548852,0.9791666666666667,22.07219696969697,1.0,0.004825576630020004,45.87062429424117,0.9596479546246494,0.11366384522370011,0.9781995554805313,0.5465530303030304,4,1,"CHARLOTTE BAG SUKI DESIGN, PACK OF 72 RETROSPOT CAKE CASES, CHOCOLATE HOT WATER BOTTLE, CHARLOTTE BAG PINK POLKADOT",WOODLAND CHARLOTTE BAG
"frozenset({'STRAWBERRY CHARLOTTE BAG', 'RED RETROSPOT PEG BAG', 'CHARLOTTE BAG PINK POLKADOT'})",frozenset({'RED RETROSPOT CHARLOTTE BAG'}),0.0051083508092703124,0.05517018874011938,0.005000806581706727,0.9789473684210527,17.744136657433057,1.0,0.0047189779034085425,44.879416034844425,0.9484885679316273,0.09046692607003891,0.977718070145485,0.5347953216374269,3,1,"STRAWBERRY CHARLOTTE BAG, RED RETROSPOT PEG BAG, CHARLOTTE BAG PINK POLKADOT",RED RETROSPOT CHARLOTTE BAG
"frozenset({'FLORAL FOLK STATIONERY SET', 'CARD SUKI BIRTHDAY', 'SKULL SHOULDER BAG'})",frozenset({'SUKI  SHOULDER BAG'}),0.0051083508092703124,0.028337903963004785,0.005000806581706727,0.9789473684210527,34.54551083591331,1.0,0.004856046627064287,46.15394956175737,0.9760386264547976,0.17580340264650285,0.9783333818774939,0.5777089783281734,3,1,"FLORAL FOLK STATIONERY SET, CARD SUKI BIRTHDAY, SKULL SHOULDER BAG",SUKI  SHOULDER BAG
"frozenset({'HERB MARKER PARSLEY', 'HERB MARKER CHIVES', 'HERB MARKER ROSEMARY'})",frozenset({'HERB MARKER THYME'}),0.009678980480722698,0.012528902511157713,0.009463892025595525,0.9777777777777776,78.041773962804,1.0,0.009342625022745153,44.43619938699762,0.9968346932429031,0.7426160337552743,0.9774958251651781,0.8665712923223652,3,1,"HERB MARKER PARSLEY, HERB MARKER CHIVES, HERB MARKER ROSEMARY",HERB MARKER THYME
"frozenset({'HERB MARKER CHIVES', 'HERB MARKER THYME', 'HERB MARKER ROSEMARY'})",frozenset({'HERB MARKER PARSLEY'}),0.009678980480722698,0.012475130397375921,0.009463892025595525,0.9777777777777776,78.37816091954022,1.0,0.009343145481984854,44.4386191321178,0.9968902249403959,0.7457627118644066,0.9774970505490514,0.868199233716475,3,1,"HERB MARKER CHIVES, HERB MARKER THYME, HERB MARKER ROSEMARY",HERB MARKER PARSLEY
"frozenset({'HERB MARKER CHIVES', 'HERB MARKER PARSLEY', 'HERB MARKER ROSEMARY', 'HERB MARKER MINT'})",frozenset({'HERB MARKER THYME'}),0.009195031456686563,0.012528902511157713,0.008979943001559392,0.9766081871345029,77.94842255854228,1.0,0.008864739348851538,42.214389417648015,0.9963323109560756,0.7046413502109705,0.976311394910714,0.8466731922796978,4,1,"HERB MARKER CHIVES, HERB MARKER PARSLEY, HERB MARKER ROSEMARY, HERB MARKER MINT",HERB MARKER THYME
"frozenset({'HERB MARKER PARSLEY', 'HERB MARKER CHIVES', 'HERB MARKER THYME', 'HERB MARKER MINT'})",frozenset({'HERB MARKER ROSEMARY'}),0.009195031456686563,0.012582674624939507,0.008979943001559392,0.9766081871345029,77.61530964162543,1.0,0.008864244912573822,42.21209065978383,0.9962767399099555,0.7016806722689077,0.9763101048924658,0.8451417004048583,4,1,"HERB MARKER PARSLEY, HERB MARKER CHIVES, HERB MARKER THYME, HERB MARKER MINT",HERB MARKER ROSEMARY
"frozenset({'HERB MARKER CHIVES', 'HERB MARKER THYME', 'HERB MARKER BASIL'})",frozenset({'HERB MARKER PARSLEY'}),0.009195031456686563,0.012475130397375921,0.008979943001559392,0.9766081871345029,78.284407138536,1.0,0.008865233785129253,42.21668817551218,0.9963878820021955,0.7076271186440679,0.9763126847884754,0.8482178866706997,3,1,"HERB MARKER CHIVES, HERB MARKER THYME, HERB MARKER BASIL",HERB MARKER PARSLEY
"frozenset({'HERB MARKER CHIVES', 'HERB MARKER BASIL', 'HERB MARKER ROSEMARY'})",frozenset({'HERB MARKER PARSLEY'}),0.009087487229122978,0.012475130397375921,0.008872398773995805,0.9763313609467454,78.26221689451131,1.0,0.008759031185828008,41.72292574071066,0.9962760884293336,0.699152542372881,0.9760323615315342,0.8437691287492348,3,1,"HERB MARKER CHIVES, HERB MARKER BASIL, HERB MARKER ROSEMARY",HERB MARKER PARSLEY
"frozenset({'HERB MARKER CHIVES', 'HERB MARKER MINT', 'HERB MARKER BASIL'})",frozenset({'HERB MARKER PARSLEY'}),0.009033715115341184,0.012475130397375921,0.008818626660214013,0.9761904761904763,78.2509236453202,1.0,0.008705929886177386,41.47604452331036,0.9962201673131823,0.6949152542372883,0.9758896970168411,0.8415435139573071,3,1,"HERB MARKER CHIVES, HERB MARKER MINT, HERB MARKER BASIL",HERB MARKER PARSLEY
"frozenset({'HERB MARKER PARSLEY', 'HERB MARKER CHIVES', 'HERB MARKER THYME', 'HERB MARKER BASIL'})",frozenset({'HERB MARKER ROSEMARY'}),0.008979943001559392,0.012582674624939507,0.00876485454643222,0.9760479041916166,77.57078151389527,1.0,0.008651862845493095,41.22467333440845,0.9960530476783318,0.6848739495798317,0.9757426822551595,0.8363145503864066,4,1,"HERB MARKER PARSLEY, HERB MARKER CHIVES, HERB MARKER THYME, HERB MARKER BASIL",HERB MARKER ROSEMARY
"frozenset({'REGENCY TEA PLATE PINK', 'REGENCY SUGAR BOWL GREEN'})",frozenset({'REGENCY TEA PLATE GREEN'}),0.006721514222724095,0.01908910039253643,0.006560197881378717,0.976,51.12865352112676,1.0,0.006431890221591275,40.87128748364428,0.987076141825643,0.3407821229050279,0.975532945948909,0.6598309859154929,2,1,"REGENCY TEA PLATE PINK, REGENCY SUGAR BOWL GREEN",REGENCY TEA PLATE GREEN
"frozenset({'HERB MARKER CHIVES', 'HERB MARKER THYME', 'HERB MARKER MINT', 'HERB MARKER BASIL'})",frozenset({'HERB MARKER ROSEMARY'}),0.008603538205086842,0.012582674624939507,0.008388449749959672,0.9750000000000001,77.48750000000001,1.0,0.008280194228101828,39.496693015002556,0.9956608992786246,0.6554621848739497,0.974681424603823,0.8208333333333334,4,1,"HERB MARKER CHIVES, HERB MARKER THYME, HERB MARKER MINT, HERB MARKER BASIL",HERB MARKER ROSEMARY
"frozenset({'HERB MARKER CHIVES', 'HERB MARKER ROSEMARY', 'HERB MARKER MINT', 'HERB MARKER BASIL'})","frozenset({'HERB MARKER PARSLEY', 'HERB MARKER THYME'})",0.008549766091305049,0.01129214389417648,0.008334677636177878,0.9748427672955975,86.3292902066487,1.0,0.00823813244721331,39.3011372802065,0.9969400501768787,0.7242990654205609,0.9745554437045862,0.8564690026954178,4,2,"HERB MARKER CHIVES, HERB MARKER ROSEMARY, HERB MARKER MINT, HERB MARKER BASIL","HERB MARKER PARSLEY, HERB MARKER THYME"
"frozenset({'WOODLAND CHARLOTTE BAG', 'PARTY BUNTING', 'CHARLOTTE BAG PINK POLKADOT', 'STRAWBERRY CHARLOTTE BAG'})",frozenset({'RED RETROSPOT CHARLOTTE BAG'}),0.006183793084906168,0.05517018874011938,0.006022476743560789,0.9739130434782608,17.65288583778286,1.0,0.00568131571193667,36.218476098295326,0.9492218297339495,0.10884353741496598,0.972389782571579,0.5415374184252902,4,1,"WOODLAND CHARLOTTE BAG, PARTY BUNTING, CHARLOTTE BAG PINK POLKADOT, STRAWBERRY CHARLOTTE BAG",RED RETROSPOT CHARLOTTE BAG
"frozenset({'REGENCY TEA PLATE PINK', 'REGENCY TEA PLATE ROSES', 'GREEN REGENCY TEACUP AND SAUCER'})",frozenset({'REGENCY TEA PLATE GREEN'}),0.0081733612948325,0.01908910039253643,0.007958272839705328,0.9736842105263158,51.007338769458855,1.0,0.0078022507254038,37.27461418508366,0.9884741342046844,0.41225626740947074,0.97317208985626,0.69529280948851,3,1,"REGENCY TEA PLATE PINK, REGENCY TEA PLATE ROSES, GREEN REGENCY TEACUP AND SAUCER",REGENCY TEA PLATE GREEN
"frozenset({'JAM MAKING SET PRINTED', 'SKULL SHOULDER BAG', 'ROTATING LEAVES T-LIGHT HOLDER'})",frozenset({'SUKI  SHOULDER BAG'}),0.006130020971124375,0.028337903963004785,0.005968704629778996,0.9736842105263157,34.359782283032054,1.0,0.005794992684208068,36.923159649405704,0.9768845293922392,0.20943396226415095,0.9729167273468674,0.592155198242285,3,1,"JAM MAKING SET PRINTED, SKULL SHOULDER BAG, ROTATING LEAVES T-LIGHT HOLDER",SUKI  SHOULDER BAG
"frozenset({'CHARLOTTE BAG SUKI DESIGN', 'WOODLAND CHARLOTTE BAG', 'STRAWBERRY CHARLOTTE BAG', 'LUNCH BAG SPACEBOY DESIGN', 'CHARLOTTE BAG PINK POLKADOT'})",frozenset({'RED RETROSPOT CHARLOTTE BAG'}),0.005861160402215411,0.05517018874011938,0.005699844060870033,0.9724770642201835,17.62685766403777,1.0,0.005376482735243695,34.32881647577573,0.9488296335001593,0.10301263362487852,0.9708699540892808,0.5378954521880644,5,1,"CHARLOTTE BAG SUKI DESIGN, WOODLAND CHARLOTTE BAG, STRAWBERRY CHARLOTTE BAG, LUNCH BAG SPACEBOY DESIGN, CHARLOTTE BAG PINK POLKADOT",RED RETROSPOT CHARLOTTE BAG
"frozenset({'HERB MARKER PARSLEY', 'HERB MARKER CHIVES', 'HERB MARKER THYME'})",frozenset({'HERB MARKER ROSEMARY'}),0.00973275259450449,0.012582674624939507,0.009463892025595525,0.9723756906077348,77.27893469329933,1.0,0.00934142796649384,35.74450717857714,0.9967610921333226,0.7364016736401673,0.9720236735953843,0.8622562213722433,3,1,"HERB MARKER PARSLEY, HERB MARKER CHIVES, HERB MARKER THYME",HERB MARKER ROSEMARY
"frozenset({'LUNCH BAG  BLACK SKULL.', 'PACK OF 72 RETROSPOT CAKE CASES', 'STRAWBERRY CHARLOTTE BAG', 'CHARLOTTE BAG PINK POLKADOT'})",frozenset({'RED RETROSPOT CHARLOTTE BAG'}),0.005753616174651826,0.05517018874011938,0.0055922998333064475,0.9719626168224299,17.617532928895447,1.0,0.005274871743012703,33.69892993493574,0.9486968007654866,0.1010689990281827,0.970325467249828,0.5366635696197919,4,1,"LUNCH BAG  BLACK SKULL., PACK OF 72 RETROSPOT CAKE CASES, STRAWBERRY CHARLOTTE BAG, CHARLOTTE BAG PINK POLKADOT",RED RETROSPOT CHARLOTTE BAG
"frozenset({'CHARLOTTE BAG SUKI DESIGN', 'ALARM CLOCK BAKELIKE GREEN', 'CHARLOTTE BAG PINK POLKADOT', 'STRAWBERRY CHARLOTTE BAG'})",frozenset({'RED RETROSPOT CHARLOTTE BAG'}),0.005699844060870033,0.05517018874011938,0.005538527719524655,0.9716981132075472,17.612738607525102,1.0,0.005224066246897207,33.38398666451579,0.9486299553758244,0.1000971817298348,0.9700455188276567,0.5360439883776528,4,1,"CHARLOTTE BAG SUKI DESIGN, ALARM CLOCK BAKELIKE GREEN, CHARLOTTE BAG PINK POLKADOT, STRAWBERRY CHARLOTTE BAG",RED RETROSPOT CHARLOTTE BAG
"frozenset({'STRAWBERRY CHARLOTTE BAG', 'CHARLOTTE BAG SUKI DESIGN', 'RED RETROSPOT PEG BAG'})",frozenset({'RED RETROSPOT CHARLOTTE BAG'}),0.00564607194708824,0.05517018874011938,0.005484755605742862,0.9714285714285714,17.6078529657477,1.0,0.005173260750781711,33.069043394095814,0.9485628125357866,0.09912536443148687,0.9697602380545867,0.535421888053467,3,1,"STRAWBERRY CHARLOTTE BAG, CHARLOTTE BAG SUKI DESIGN, RED RETROSPOT PEG BAG",RED RETROSPOT CHARLOTTE BAG
"frozenset({'HERB MARKER PARSLEY', 'HERB MARKER THYME', 'HERB MARKER MINT', 'HERB MARKER BASIL'})",frozenset({'HERB MARKER ROSEMARY'}),0.00935634779803194,0.012582674624939507,0.009087487229122978,0.971264367816092,77.19061302681993,1.0,0.008969759349102572,34.36212292305221,0.996367416982952,0.7071129707112973,0.9708981891997965,0.8467432950191571,4,1,"HERB MARKER PARSLEY, HERB MARKER THYME, HERB MARKER MINT, HERB MARKER BASIL",HERB MARKER ROSEMARY
"frozenset({'HERB MARKER CHIVES', 'HERB MARKER THYME', 'HERB MARKER MINT'})",frozenset({'HERB MARKER ROSEMARY'}),0.00935634779803194,0.012582674624939507,0.009087487229122978,0.971264367816092,77.19061302681993,1.0,0.008969759349102572,34.36212292305221,0.996367416982952,0.7071129707112973,0.9708981891997965,0.8467432950191571,3,1,"HERB MARKER CHIVES, HERB MARKER THYME, HERB MARKER MINT",HERB MARKER ROSEMARY
"frozenset({'HERB MARKER CHIVES', 'HERB MARKER MINT', 'HERB MARKER ROSEMARY'})",frozenset({'HERB MARKER THYME'}),0.00935634779803194,0.012528902511157713,0.009087487229122978,0.971264367816092,77.5219032114844,1.0,0.00897026245970095,34.36399419261182,0.9964233028755219,0.7100840336134454,0.9708997739204892,0.8482931281140547,3,1,"HERB MARKER CHIVES, HERB MARKER MINT, HERB MARKER ROSEMARY",HERB MARKER THYME
"frozenset({'REGENCY TEA PLATE PINK', 'ROSES REGENCY TEACUP AND SAUCER', 'REGENCY TEA PLATE ROSES', 'GREEN REGENCY TEACUP AND SAUCER'})",frozenset({'REGENCY TEA PLATE GREEN'}),0.007474323815669194,0.01908910039253643,0.007259235360542023,0.9712230215827338,50.878407133448164,1.0,0.007116557242858387,34.08665376135931,0.9877278947600758,0.37604456824512533,0.970663004734903,0.6757523558617894,4,1,"REGENCY TEA PLATE PINK, ROSES REGENCY TEACUP AND SAUCER, REGENCY TEA PLATE ROSES, GREEN REGENCY TEACUP AND SAUCER",REGENCY TEA PLATE GREEN
"frozenset({'CHARLOTTE BAG SUKI DESIGN', 'WOODLAND CHARLOTTE BAG', 'CHOCOLATE HOT WATER BOTTLE', 'STRAWBERRY CHARLOTTE BAG'})",frozenset({'RED RETROSPOT CHARLOTTE BAG'}),0.0055922998333064475,0.05517018874011938,0.005430983491961069,0.971153846153846,17.602873369320733,1.0,0.005122455254666214,32.75410012367573,0.948495363244214,0.09815354713313895,0.9694694711128038,0.5347971959814064,4,1,"CHARLOTTE BAG SUKI DESIGN, WOODLAND CHARLOTTE BAG, CHOCOLATE HOT WATER BOTTLE, STRAWBERRY CHARLOTTE BAG",RED RETROSPOT CHARLOTTE BAG
"frozenset({'RED RETROSPOT CHARLOTTE BAG', 'WOODLAND CHARLOTTE BAG', 'CHOCOLATE HOT WATER BOTTLE', 'CHARLOTTE BAG PINK POLKADOT'})",frozenset({'CHARLOTTE BAG SUKI DESIGN'}),0.0055922998333064475,0.047050599559068665,0.005430983491961069,0.971153846153846,20.64062637362637,1.0,0.00516786243188992,33.03557921528548,0.9569031471902936,0.11503416856492027,0.9697296059656402,0.5432912087912087,4,1,"RED RETROSPOT CHARLOTTE BAG, WOODLAND CHARLOTTE BAG, CHOCOLATE HOT WATER BOTTLE, CHARLOTTE BAG PINK POLKADOT",CHARLOTTE BAG SUKI DESIGN
"frozenset({'LUNCH BAG  BLACK SKULL.', 'LUNCH BAG CARS BLUE', 'WOODLAND CHARLOTTE BAG', 'STRAWBERRY CHARLOTTE BAG', 'CHARLOTTE BAG PINK POLKADOT'})",frozenset({'RED RETROSPOT CHARLOTTE BAG'}),0.005538527719524655,0.05517018874011938,0.005377211378179276,0.9708737864077669,17.597797081701014,1.0,0.005071649758550718,32.439156853255795,0.9484275981399373,0.09718172983479105,0.9691730582109863,0.534169836673669,5,1,"LUNCH BAG  BLACK SKULL., LUNCH BAG CARS BLUE, WOODLAND CHARLOTTE BAG, STRAWBERRY CHARLOTTE BAG, CHARLOTTE BAG PINK POLKADOT",RED RETROSPOT CHARLOTTE BAG
"frozenset({'STRAWBERRY CHARLOTTE BAG', 'LUNCH BAG APPLE DESIGN', 'CHARLOTTE BAG APPLES DESIGN', 'CHARLOTTE BAG PINK POLKADOT'})",frozenset({'RED RETROSPOT CHARLOTTE BAG'}),0.005538527719524655,0.05517018874011938,0.005377211378179276,0.9708737864077669,17.597797081701014,1.0,0.005071649758550718,32.439156853255795,0.9484275981399373,0.09718172983479105,0.9691730582109863,0.534169836673669,4,1,"STRAWBERRY CHARLOTTE BAG, LUNCH BAG APPLE DESIGN, CHARLOTTE BAG APPLES DESIGN, CHARLOTTE BAG PINK POLKADOT",RED RETROSPOT CHARLOTTE BAG
"frozenset({'REGENCY TEA PLATE PINK', 'REGENCY TEAPOT ROSES', 'REGENCY SUGAR BOWL GREEN'})",frozenset({'REGENCY TEA PLATE GREEN'}),0.005538527719524655,0.01908910039253643,0.005377211378179276,0.9708737864077669,50.86011212908518,1.0,0.005271485866514424,33.677940886522805,0.9857980966800043,0.2793296089385474,0.9703069732389673,0.6262819636264186,3,1,"REGENCY TEA PLATE PINK, REGENCY TEAPOT ROSES, REGENCY SUGAR BOWL GREEN",REGENCY TEA PLATE GREEN
"frozenset({'HERB MARKER CHIVES', 'HERB MARKER THYME', 'HERB MARKER BASIL'})",frozenset({'HERB MARKER ROSEMARY'}),0.009195031456686563,0.012582674624939507,0.008926170887777599,0.9707602339181286,77.15054730844204,1.0,0.008810472798792029,33.769672527827005,0.9961984048208465,0.694560669456067,0.9703876311155822,0.840080971659919,3,1,"HERB MARKER CHIVES, HERB MARKER THYME, HERB MARKER BASIL",HERB MARKER ROSEMARY
"frozenset({'CHARLOTTE BAG SUKI DESIGN', 'STRAWBERRY CHARLOTTE BAG', 'CHOCOLATE HOT WATER BOTTLE', 'CHARLOTTE BAG PINK POLKADOT'})",frozenset({'RED RETROSPOT CHARLOTTE BAG'}),0.005484755605742862,0.05517018874011938,0.005323439264397483,0.9705882352941175,17.592621259029926,1.0,0.005020844262435222,32.124213582835814,0.9483595074835952,0.09620991253644313,0.9688708332914862,0.5335397316821465,4,1,"CHARLOTTE BAG SUKI DESIGN, STRAWBERRY CHARLOTTE BAG, CHOCOLATE HOT WATER BOTTLE, CHARLOTTE BAG PINK POLKADOT",RED RETROSPOT CHARLOTTE BAG
"frozenset({'STRAWBERRY CHARLOTTE BAG', 'WOODLAND CHARLOTTE BAG', 'CHOCOLATE HOT WATER BOTTLE', 'CHARLOTTE BAG PINK POLKADOT'})",frozenset({'CHARLOTTE BAG SUKI DESIGN'}),0.005430983491961069,0.047050599559068665,0.0052696671506156905,0.9702970297029704,20.62241584158416,1.0,0.005014136121123518,32.08262981484478,0.9567049246169056,0.11161731207289294,0.9688304853507584,0.5411485148514852,4,1,"STRAWBERRY CHARLOTTE BAG, WOODLAND CHARLOTTE BAG, CHOCOLATE HOT WATER BOTTLE, CHARLOTTE BAG PINK POLKADOT",CHARLOTTE BAG SUKI DESIGN
"frozenset({'CHARLOTTE BAG SUKI DESIGN', 'ALARM CLOCK BAKELIKE GREEN', 'WOODLAND CHARLOTTE BAG', 'STRAWBERRY CHARLOTTE BAG', 'CHARLOTTE BAG PINK POLKADOT'})",frozenset({'RED RETROSPOT CHARLOTTE BAG'}),0.005377211378179276,0.05517018874011938,0.005215895036833898,0.9700000000000001,17.581959064327485,1.0,0.00491923327020423,31.494327041996108,0.9482223085493384,0.09426627793974732,0.9682482499573162,0.532270955165692,5,1,"CHARLOTTE BAG SUKI DESIGN, ALARM CLOCK BAKELIKE GREEN, WOODLAND CHARLOTTE BAG, STRAWBERRY CHARLOTTE BAG, CHARLOTTE BAG PINK POLKADOT",RED RETROSPOT CHARLOTTE BAG
"frozenset({'REGENCY MILK JUG PINK', 'REGENCY SUGAR BOWL GREEN', 'REGENCY TEA PLATE PINK'})",frozenset({'REGENCY TEA PLATE GREEN'}),0.005377211378179276,0.01908910039253643,0.005215895036833898,0.9700000000000001,50.81433802816902,1.0,0.005113248909003944,32.697029986915545,0.9856204043118721,0.2709497206703911,0.9694161824361365,0.6216197183098592,3,1,"REGENCY MILK JUG PINK, REGENCY SUGAR BOWL GREEN, REGENCY TEA PLATE PINK",REGENCY TEA PLATE GREEN
"frozenset({'REGENCY TEA PLATE PINK', 'REGENCY TEA PLATE ROSES', 'PINK REGENCY TEACUP AND SAUCER', 'GREEN REGENCY TEACUP AND SAUCER'})",frozenset({'REGENCY TEA PLATE GREEN'}),0.007151691132978437,0.01908910039253643,0.0069366026778512665,0.9699248120300752,50.81039923753044,1.0,0.006800083327837428,32.61528741194817,0.9873804293794418,0.35933147632311985,0.9693395312642972,0.666652546860108,4,1,"REGENCY TEA PLATE PINK, REGENCY TEA PLATE ROSES, PINK REGENCY TEACUP AND SAUCER, GREEN REGENCY TEACUP AND SAUCER",REGENCY TEA PLATE GREEN
"frozenset({'STRAWBERRY CHARLOTTE BAG', 'PARTY BUNTING', 'RED RETROSPOT CHARLOTTE BAG', 'REGENCY CAKESTAND 3 TIER'})",frozenset({'WOODLAND CHARLOTTE BAG'}),0.005323439264397483,0.04436199386997903,0.005162122923052105,0.9696969696969697,21.858732782369145,1.0,0.004925964543037699,31.536054202290718,0.9593587820304897,0.11594202898550725,0.9682902625171362,0.5430303030303031,4,1,"STRAWBERRY CHARLOTTE BAG, PARTY BUNTING, RED RETROSPOT CHARLOTTE BAG, REGENCY CAKESTAND 3 TIER",WOODLAND CHARLOTTE BAG
"frozenset({'CHARLOTTE BAG SUKI DESIGN', 'PARTY BUNTING', 'WOODLAND CHARLOTTE BAG', 'STRAWBERRY CHARLOTTE BAG', 'CHARLOTTE BAG PINK POLKADOT'})",frozenset({'RED RETROSPOT CHARLOTTE BAG'}),0.005323439264397483,0.05517018874011938,0.005162122923052105,0.9696969696969697,17.57646641857168,1.0,0.004868427774088734,31.179383771576088,0.948153178722024,0.09329446064139942,0.9679275252094102,0.531632110579479,5,1,"CHARLOTTE BAG SUKI DESIGN, PARTY BUNTING, WOODLAND CHARLOTTE BAG, STRAWBERRY CHARLOTTE BAG, CHARLOTTE BAG PINK POLKADOT",RED RETROSPOT CHARLOTTE BAG
"frozenset({'CHARLOTTE BAG SUKI DESIGN', 'CHOCOLATE HOT WATER BOTTLE', 'REGENCY CAKESTAND 3 TIER', 'CHARLOTTE BAG PINK POLKADOT'})",frozenset({'WOODLAND CHARLOTTE BAG'}),0.005323439264397483,0.04436199386997903,0.005162122923052105,0.9696969696969697,21.858732782369145,1.0,0.004925964543037699,31.536054202290718,0.9593587820304897,0.11594202898550725,0.9682902625171362,0.5430303030303031,4,1,"CHARLOTTE BAG SUKI DESIGN, CHOCOLATE HOT WATER BOTTLE, REGENCY CAKESTAND 3 TIER, CHARLOTTE BAG PINK POLKADOT",WOODLAND CHARLOTTE BAG
"frozenset({'CHARLOTTE BAG SUKI DESIGN', 'WOODLAND CHARLOTTE BAG', 'CHOCOLATE HOT WATER BOTTLE', 'STRAWBERRY CHARLOTTE BAG', 'CHARLOTTE BAG PINK POLKADOT'})",frozenset({'RED RETROSPOT CHARLOTTE BAG'}),0.0052696671506156905,0.05517018874011938,0.0051083508092703124,0.9693877551020409,17.570861678004537,1.0,0.004817622277973238,30.864440501156178,0.9480836801989297,0.0923226433430515,0.9676002550584858,0.5309901738473167,5,1,"CHARLOTTE BAG SUKI DESIGN, WOODLAND CHARLOTTE BAG, CHOCOLATE HOT WATER BOTTLE, STRAWBERRY CHARLOTTE BAG, CHARLOTTE BAG PINK POLKADOT",RED RETROSPOT CHARLOTTE BAG
"frozenset({'LUNCH BAG  BLACK SKULL.', 'CHARLOTTE BAG SUKI DESIGN', 'STRAWBERRY CHARLOTTE BAG', 'LUNCH BAG SPACEBOY DESIGN', 'CHARLOTTE BAG PINK POLKADOT'})",frozenset({'RED RETROSPOT CHARLOTTE BAG'}),0.0052696671506156905,0.05517018874011938,0.0051083508092703124,0.9693877551020409,17.570861678004537,1.0,0.004817622277973238,30.864440501156178,0.9480836801989297,0.0923226433430515,0.9676002550584858,0.5309901738473167,5,1,"LUNCH BAG  BLACK SKULL., CHARLOTTE BAG SUKI DESIGN, STRAWBERRY CHARLOTTE BAG, LUNCH BAG SPACEBOY DESIGN, CHARLOTTE BAG PINK POLKADOT",RED RETROSPOT CHARLOTTE BAG
"frozenset({'CHARLOTTE BAG SUKI DESIGN', 'WOODLAND CHARLOTTE BAG', 'STRAWBERRY CHARLOTTE BAG', 'ALARM CLOCK BAKELIKE RED', 'CHARLOTTE BAG PINK POLKADOT'})",frozenset({'RED RETROSPOT CHARLOTTE BAG'}),0.0052696671506156905,0.05517018874011938,0.0051083508092703124,0.9693877551020409,17.570861678004537,1.0,0.004817622277973238,30.864440501156178,0.9480836801989297,0.0923226433430515,0.9676002550584858,0.5309901738473167,5,1,"CHARLOTTE BAG SUKI DESIGN, WOODLAND CHARLOTTE BAG, STRAWBERRY CHARLOTTE BAG, ALARM CLOCK BAKELIKE RED, CHARLOTTE BAG PINK POLKADOT",RED RETROSPOT CHARLOTTE BAG
"frozenset({'CHARLOTTE BAG SUKI DESIGN', 'HOT WATER BOTTLE I AM SO POORLY', 'RED RETROSPOT CHARLOTTE BAG', 'CHARLOTTE BAG PINK POLKADOT'})",frozenset({'WOODLAND CHARLOTTE BAG'}),0.0052696671506156905,0.04436199386997903,0.0051083508092703124,0.9693877551020409,21.851762523191095,1.0,0.0048745778674378695,31.21750820024743,0.9592922519282694,0.11473429951690822,0.9679666937673111,0.5422696351267781,4,1,"CHARLOTTE BAG SUKI DESIGN, HOT WATER BOTTLE I AM SO POORLY, RED RETROSPOT CHARLOTTE BAG, CHARLOTTE BAG PINK POLKADOT",WOODLAND CHARLOTTE BAG
"frozenset({'CHARLOTTE BAG SUKI DESIGN', 'ALARM CLOCK BAKELIKE RED', 'CHOCOLATE HOT WATER BOTTLE'})",frozenset({'WOODLAND CHARLOTTE BAG'}),0.0052696671506156905,0.04436199386997903,0.0051083508092703124,0.9693877551020409,21.851762523191095,1.0,0.0048745778674378695,31.21750820024743,0.9592922519282694,0.11473429951690822,0.9679666937673111,0.5422696351267781,3,1,"CHARLOTTE BAG SUKI DESIGN, ALARM CLOCK BAKELIKE RED, CHOCOLATE HOT WATER BOTTLE",WOODLAND CHARLOTTE BAG
"frozenset({'CHARLOTTE BAG VINTAGE ALPHABET', 'WOODLAND CHARLOTTE BAG', 'STRAWBERRY CHARLOTTE BAG', 'CHARLOTTE BAG APPLES DESIGN', 'CHARLOTTE BAG PINK POLKADOT'})",frozenset({'RED RETROSPOT CHARLOTTE BAG'}),0.0052696671506156905,0.05517018874011938,0.0051083508092703124,0.9693877551020409,17.570861678004537,1.0,0.004817622277973238,30.864440501156178,0.9480836801989297,0.0923226433430515,0.9676002550584858,0.5309901738473167,5,1,"CHARLOTTE BAG VINTAGE ALPHABET, WOODLAND CHARLOTTE BAG, STRAWBERRY CHARLOTTE BAG, CHARLOTTE BAG APPLES DESIGN, CHARLOTTE BAG PINK POLKADOT",RED RETROSPOT CHARLOTTE BAG
"frozenset({'STRAWBERRY CHARLOTTE BAG', 'RED RETROSPOT CHARLOTTE BAG', 'CHOCOLATE HOT WATER BOTTLE', 'REGENCY CAKESTAND 3 TIER'})",frozenset({'WOODLAND CHARLOTTE BAG'}),0.005215895036833898,0.04436199386997903,0.00505457869548852,0.9690721649484536,21.84464854732896,1.0,0.00482319119183804,30.898962198204007,0.959225416906268,0.11352657004830918,0.967636453496871,0.5415057794439238,4,1,"STRAWBERRY CHARLOTTE BAG, RED RETROSPOT CHARLOTTE BAG, CHOCOLATE HOT WATER BOTTLE, REGENCY CAKESTAND 3 TIER",WOODLAND CHARLOTTE BAG
"frozenset({'STRAWBERRY CHARLOTTE BAG', 'RED RETROSPOT CHARLOTTE BAG', 'CHOCOLATE HOT WATER BOTTLE', 'REGENCY CAKESTAND 3 TIER'})",frozenset({'CHARLOTTE BAG SUKI DESIGN'}),0.005215895036833898,0.047050599559068665,0.00505457869548852,0.9690721649484536,20.59638291605302,1.0,0.0048091677067683145,30.81203061425678,0.9564364577343302,0.1070615034168565,0.9675451445404802,0.5382503681885125,4,1,"STRAWBERRY CHARLOTTE BAG, RED RETROSPOT CHARLOTTE BAG, CHOCOLATE HOT WATER BOTTLE, REGENCY CAKESTAND 3 TIER",CHARLOTTE BAG SUKI DESIGN
"frozenset({'SET OF 20 VINTAGE CHRISTMAS NAPKINS', 'SKULL SHOULDER BAG'})",frozenset({'SUKI  SHOULDER BAG'}),0.005215895036833898,0.028337903963004785,0.00505457869548852,0.9690721649484536,34.1970304583423,1.0,0.004906771162853607,31.41707443852951,0.9758476135710178,0.17735849056603775,0.9681701744076585,0.5737201431952894,2,1,"SET OF 20 VINTAGE CHRISTMAS NAPKINS, SKULL SHOULDER BAG",SUKI  SHOULDER BAG
"frozenset({'CHARLOTTE BAG SUKI DESIGN', 'WOODLAND CHARLOTTE BAG', 'CIRCUS PARADE LUNCH BOX', 'STRAWBERRY CHARLOTTE BAG'})",frozenset({'RED RETROSPOT CHARLOTTE BAG'}),0.005162122923052105,0.05517018874011938,0.005000806581706727,0.96875,17.559301900584796,1.0,0.004716011285742246,30.23455396031618,0.9479435287717665,0.09037900874635568,0.9669252603722042,0.5296966374269005,4,1,"CHARLOTTE BAG SUKI DESIGN, WOODLAND CHARLOTTE BAG, CIRCUS PARADE LUNCH BOX, STRAWBERRY CHARLOTTE BAG",RED RETROSPOT CHARLOTTE BAG
"frozenset({'CHARLOTTE BAG SUKI DESIGN', 'RED RETROSPOT CHARLOTTE BAG', 'STRAWBERRY CHARLOTTE BAG', 'CIRCUS PARADE LUNCH BOX'})",frozenset({'WOODLAND CHARLOTTE BAG'}),0.005162122923052105,0.04436199386997903,0.005000806581706727,0.96875,21.837386363636362,1.0,0.004771804516238211,30.58041619616067,0.9591582669463375,0.11231884057971016,0.9672993332207968,0.5407386363636364,4,1,"CHARLOTTE BAG SUKI DESIGN, RED RETROSPOT CHARLOTTE BAG, STRAWBERRY CHARLOTTE BAG, CIRCUS PARADE LUNCH BOX",WOODLAND CHARLOTTE BAG
"frozenset({'CHARLOTTE BAG SUKI DESIGN', 'STRAWBERRY CHARLOTTE BAG', 'CHOCOLATE HOT WATER BOTTLE', 'REGENCY CAKESTAND 3 TIER'})",frozenset({'WOODLAND CHARLOTTE BAG'}),0.005162122923052105,0.04436199386997903,0.005000806581706727,0.96875,21.837386363636362,1.0,0.004771804516238211,30.58041619616067,0.9591582669463375,0.11231884057971016,0.9672993332207968,0.5407386363636364,4,1,"CHARLOTTE BAG SUKI DESIGN, STRAWBERRY CHARLOTTE BAG, CHOCOLATE HOT WATER BOTTLE, REGENCY CAKESTAND 3 TIER",WOODLAND CHARLOTTE BAG
"frozenset({'RED RETROSPOT CHARLOTTE BAG', 'STRAWBERRY CHARLOTTE BAG', 'PACK OF 72 RETROSPOT CAKE CASES', 'CHOCOLATE HOT WATER BOTTLE'})",frozenset({'WOODLAND CHARLOTTE BAG'}),0.005162122923052105,0.04436199386997903,0.005000806581706727,0.96875,21.837386363636362,1.0,0.004771804516238211,30.58041619616067,0.9591582669463375,0.11231884057971016,0.9672993332207968,0.5407386363636364,4,1,"RED RETROSPOT CHARLOTTE BAG, STRAWBERRY CHARLOTTE BAG, PACK OF 72 RETROSPOT CAKE CASES, CHOCOLATE HOT WATER BOTTLE",WOODLAND CHARLOTTE BAG
"frozenset({'LUNCH BAG  BLACK SKULL.', 'CHARLOTTE BAG SUKI DESIGN', 'CHARLOTTE BAG PINK POLKADOT', 'STRAWBERRY CHARLOTTE BAG', 'LUNCH BAG RED RETROSPOT'})",frozenset({'RED RETROSPOT CHARLOTTE BAG'}),0.005162122923052105,0.05517018874011938,0.005000806581706727,0.96875,17.559301900584796,1.0,0.004716011285742246,30.23455396031618,0.9479435287717665,0.09037900874635568,0.9669252603722042,0.5296966374269005,5,1,"LUNCH BAG  BLACK SKULL., CHARLOTTE BAG SUKI DESIGN, CHARLOTTE BAG PINK POLKADOT, STRAWBERRY CHARLOTTE BAG, LUNCH BAG RED RETROSPOT",RED RETROSPOT CHARLOTTE BAG
"frozenset({'CHARLOTTE BAG SUKI DESIGN', 'PARTY BUNTING', 'REGENCY CAKESTAND 3 TIER', 'STRAWBERRY CHARLOTTE BAG'})",frozenset({'WOODLAND CHARLOTTE BAG'}),0.005162122923052105,0.04436199386997903,0.005000806581706727,0.96875,21.837386363636362,1.0,0.004771804516238211,30.58041619616067,0.9591582669463375,0.11231884057971016,0.9672993332207968,0.5407386363636364,4,1,"CHARLOTTE BAG SUKI DESIGN, PARTY BUNTING, REGENCY CAKESTAND 3 TIER, STRAWBERRY CHARLOTTE BAG",WOODLAND CHARLOTTE BAG
"frozenset({'CHARLOTTE BAG SUKI DESIGN', 'PACK OF 72 RETROSPOT CAKE CASES', 'CHOCOLATE HOT WATER BOTTLE', 'REGENCY CAKESTAND 3 TIER'})",frozenset({'WOODLAND CHARLOTTE BAG'}),0.005162122923052105,0.04436199386997903,0.005000806581706727,0.96875,21.837386363636362,1.0,0.004771804516238211,30.58041619616067,0.9591582669463375,0.11231884057971016,0.9672993332207968,0.5407386363636364,4,1,"CHARLOTTE BAG SUKI DESIGN, PACK OF 72 RETROSPOT CAKE CASES, CHOCOLATE HOT WATER BOTTLE, REGENCY CAKESTAND 3 TIER",WOODLAND CHARLOTTE BAG
"frozenset({'RED RETROSPOT CHARLOTTE BAG', 'CHOCOLATE HOT WATER BOTTLE', 'REGENCY CAKESTAND 3 TIER', 'CHARLOTTE BAG PINK POLKADOT'})",frozenset({'CHARLOTTE BAG SUKI DESIGN'}),0.005162122923052105,0.047050599559068665,0.005000806581706727,0.96875,20.589535714285716,1.0,0.004757925603179514,30.494380814109803,0.9563685310820165,0.10592255125284739,0.9672070731294437,0.5375178571428572,4,1,"RED RETROSPOT CHARLOTTE BAG, CHOCOLATE HOT WATER BOTTLE, REGENCY CAKESTAND 3 TIER, CHARLOTTE BAG PINK POLKADOT",CHARLOTTE BAG SUKI DESIGN
"frozenset({'RED RETROSPOT CHARLOTTE BAG', 'CHOCOLATE HOT WATER BOTTLE', 'REGENCY CAKESTAND 3 TIER', 'CHARLOTTE BAG PINK POLKADOT'})",frozenset({'WOODLAND CHARLOTTE BAG'}),0.005162122923052105,0.04436199386997903,0.005000806581706727,0.96875,21.837386363636362,1.0,0.004771804516238211,30.58041619616067,0.9591582669463375,0.11231884057971016,0.9672993332207968,0.5407386363636364,4,1,"RED RETROSPOT CHARLOTTE BAG, CHOCOLATE HOT WATER BOTTLE, REGENCY CAKESTAND 3 TIER, CHARLOTTE BAG PINK POLKADOT",WOODLAND CHARLOTTE BAG
"frozenset({'CARD SUKI BIRTHDAY', 'JAM MAKING SET PRINTED', 'SKULL SHOULDER BAG'})",frozenset({'SUKI  SHOULDER BAG'}),0.005162122923052105,0.028337903963004785,0.005000806581706727,0.96875,34.185661764705884,1.0,0.004854522838068051,31.09318707318385,0.9757850926976919,0.17547169811320756,0.967838613724405,0.5726102941176471,3,1,"CARD SUKI BIRTHDAY, JAM MAKING SET PRINTED, SKULL SHOULDER BAG",SUKI  SHOULDER BAG
"frozenset({'HERB MARKER CHIVES', 'HERB MARKER THYME', 'HERB MARKER MINT', 'HERB MARKER BASIL'})","frozenset({'HERB MARKER PARSLEY', 'HERB MARKER ROSEMARY'})",0.008603538205086842,0.01129214389417648,0.008334677636177878,0.9687499999999999,85.78973214285713,1.0,0.008237525244766992,31.63865139538624,0.9969206381977336,0.7209302325581394,0.9683930902267905,0.853422619047619,4,2,"HERB MARKER CHIVES, HERB MARKER THYME, HERB MARKER MINT, HERB MARKER BASIL","HERB MARKER PARSLEY, HERB MARKER ROSEMARY"
"frozenset({'GREEN REGENCY TEACUP AND SAUCER', 'REGENCY TEA PLATE PINK', 'ROSES REGENCY TEACUP AND SAUCER', 'PINK REGENCY TEACUP AND SAUCER', 'REGENCY TEA PLATE ROSES'})",frozenset({'REGENCY TEA PLATE GREEN'}),0.006829058450287681,0.01908910039253643,0.0066139699951605095,0.968503937007874,50.735965398691356,1.0,0.006483609412816469,31.143921062536915,0.987030605552401,0.3426183844011142,0.9678910051822953,0.6574914051236553,5,1,"GREEN REGENCY TEACUP AND SAUCER, REGENCY TEA PLATE PINK, ROSES REGENCY TEACUP AND SAUCER, PINK REGENCY TEACUP AND SAUCER, REGENCY TEA PLATE ROSES",REGENCY TEA PLATE GREEN
"frozenset({'HERB MARKER CHIVES', 'HERB MARKER THYME'})",frozenset({'HERB MARKER PARSLEY'}),0.010055385277195246,0.012475130397375921,0.00973275259450449,0.9679144385026739,77.58752074497511,1.0,0.009607310351975625,30.77785843594854,0.9971379354842582,0.7605042016806722,0.9675091104184169,0.8740434261478887,2,1,"HERB MARKER CHIVES, HERB MARKER THYME",HERB MARKER PARSLEY
"frozenset({'HERB MARKER CHIVES', 'HERB MARKER ROSEMARY'})",frozenset({'HERB MARKER THYME'}),0.010001613163413454,0.012528902511157713,0.009678980480722698,0.967741935483871,77.24075868752597,1.0,0.009553671244443979,30.61160402215414,0.9970253290605253,0.7531380753138076,0.9673326494333233,0.8701370621625364,2,1,"HERB MARKER CHIVES, HERB MARKER ROSEMARY",HERB MARKER THYME
"frozenset({'HERB MARKER CHIVES', 'HERB MARKER ROSEMARY'})",frozenset({'HERB MARKER PARSLEY'}),0.010001613163413454,0.012475130397375921,0.009678980480722698,0.967741935483871,77.57369299221357,1.0,0.009554209052325003,30.613270957681372,0.9970814549273078,0.7563025210084036,0.9673344282163653,0.8718020022246942,2,1,"HERB MARKER CHIVES, HERB MARKER ROSEMARY",HERB MARKER PARSLEY
"frozenset({'HERB MARKER THYME', 'HERB MARKER MINT', 'HERB MARKER BASIL'})",frozenset({'HERB MARKER ROSEMARY'}),0.00994784104963166,0.012582674624939507,0.009625208366940904,0.9675675675675676,76.89681219681219,1.0,0.009500037919792773,30.445367532397697,0.9969126887128507,0.7458333333333333,0.9671542805671216,0.8662624162624162,3,1,"HERB MARKER THYME, HERB MARKER MINT, HERB MARKER BASIL",HERB MARKER ROSEMARY
"frozenset({'LUNCH BAG  BLACK SKULL.', 'CHARLOTTE BAG SUKI DESIGN', 'WOODLAND CHARLOTTE BAG', 'STRAWBERRY CHARLOTTE BAG', 'CHARLOTTE BAG PINK POLKADOT'})",frozenset({'RED RETROSPOT CHARLOTTE BAG'}),0.006506425767596924,0.05517018874011938,0.006291337312469753,0.9669421487603306,17.5265332753371,1.0,0.005932376574847855,28.58110179061139,0.9491190234316451,0.11359223300970872,0.9650118456829929,0.5404886182398144,5,1,"LUNCH BAG  BLACK SKULL., CHARLOTTE BAG SUKI DESIGN, WOODLAND CHARLOTTE BAG, STRAWBERRY CHARLOTTE BAG, CHARLOTTE BAG PINK POLKADOT",RED RETROSPOT CHARLOTTE BAG
"frozenset({'STRAWBERRY CHARLOTTE BAG', 'WOODLAND CHARLOTTE BAG', 'LUNCH BAG SPACEBOY DESIGN', 'CHARLOTTE BAG PINK POLKADOT'})",frozenset({'RED RETROSPOT CHARLOTTE BAG'}),0.006506425767596924,0.05517018874011938,0.006291337312469753,0.9669421487603306,17.5265332753371,1.0,0.005932376574847855,28.58110179061139,0.9491190234316451,0.11359223300970872,0.9650118456829929,0.5404886182398144,4,1,"STRAWBERRY CHARLOTTE BAG, WOODLAND CHARLOTTE BAG, LUNCH BAG SPACEBOY DESIGN, CHARLOTTE BAG PINK POLKADOT",RED RETROSPOT CHARLOTTE BAG
"frozenset({'LUNCH BAG  BLACK SKULL.', 'LUNCH BAG CARS BLUE', 'CHARLOTTE BAG PINK POLKADOT', 'STRAWBERRY CHARLOTTE BAG'})",frozenset({'RED RETROSPOT CHARLOTTE BAG'}),0.006452653653815131,0.05517018874011938,0.006237565198687961,0.9666666666666667,17.521539961013644,1.0,0.005881571078732359,28.344894337796426,0.949051290234084,0.11262135922330098,0.9647202777303512,0.5398635477582846,4,1,"LUNCH BAG  BLACK SKULL., LUNCH BAG CARS BLUE, CHARLOTTE BAG PINK POLKADOT, STRAWBERRY CHARLOTTE BAG",RED RETROSPOT CHARLOTTE BAG
"frozenset({'HERB MARKER PARSLEY', 'HERB MARKER ROSEMARY', 'HERB MARKER MINT', 'HERB MARKER BASIL'})",frozenset({'HERB MARKER THYME'}),0.009410119911813734,0.012528902511157713,0.009087487229122978,0.9657142857142857,77.07892090741876,1.0,0.00896958875412956,28.801240343424595,0.9964025518755233,0.7071129707112973,0.9652792731119894,0.8455180870631516,4,1,"HERB MARKER PARSLEY, HERB MARKER ROSEMARY, HERB MARKER MINT, HERB MARKER BASIL",HERB MARKER THYME
"frozenset({'HERB MARKER PARSLEY', 'HERB MARKER CHIVES', 'HERB MARKER BASIL'})",frozenset({'HERB MARKER THYME'}),0.009302575684250148,0.012528902511157713,0.008979943001559392,0.9653179190751445,77.04728472549556,1.0,0.008863391937708756,28.4720833109283,0.9962890112090194,0.6987447698744771,0.9648778774254227,0.8410280582500187,3,1,"HERB MARKER PARSLEY, HERB MARKER CHIVES, HERB MARKER BASIL",HERB MARKER THYME
"frozenset({'CHARLOTTE BAG SUKI DESIGN', 'LUNCH BAG CARS BLUE', 'LUNCH BAG SPACEBOY DESIGN', 'STRAWBERRY CHARLOTTE BAG'})",frozenset({'RED RETROSPOT CHARLOTTE BAG'}),0.006183793084906168,0.05517018874011938,0.005968704629778996,0.9652173913043477,17.495270785659798,1.0,0.005627543598154878,27.163857073721466,0.9487083122512188,0.10776699029126213,0.9631863767621054,0.5367022629036359,4,1,"CHARLOTTE BAG SUKI DESIGN, LUNCH BAG CARS BLUE, LUNCH BAG SPACEBOY DESIGN, STRAWBERRY CHARLOTTE BAG",RED RETROSPOT CHARLOTTE BAG
